{"cameraMode":{"drawMode":0,"name":"Shaded","section":"Shading Mode"},"sceneLighting":true,"audioPlay":false,"sceneViewState":{"showFog":true,"showMaterialUpdate":false,"showSkybox":true,"showFlares":true,"showImageEffects":true,"showParticleSystems":true},"in2DMode":false,"pivot":{"x":1.5274218320846558,"y":-0.0065483711659908299,"z":0.00772562250494957},"rotation":{"x":-0.1565115749835968,"y":-0.7012736201286316,"z":0.16228096187114716,"w":-0.6763019561767578},"size":7.231375217437744,"orthographic":false}