{"cameraMode":{"drawMode":0,"name":"Shaded","section":"Shading Mode"},"sceneLighting":false,"audioPlay":false,"sceneViewState":{"showFog":true,"showMaterialUpdate":false,"showSkybox":true,"showFlares":true,"showImageEffects":true,"showParticleSystems":true},"in2DMode":false,"pivot":{"x":-0.000860750675201416,"y":0.17100000381469727,"z":-0.00035065412521362305},"rotation":{"x":-0.14357279241085053,"y":-0.38185206055641177,"z":0.060175687074661258,"w":-0.9110185503959656},"size":0.9343501925468445,"orthographic":false}