{"cameraMode":{"drawMode":0,"name":"Shaded","section":"Shading Mode"},"sceneLighting":true,"audioPlay":false,"sceneViewState":{"showFog":true,"showMaterialUpdate":false,"showSkybox":true,"showFlares":true,"showImageEffects":true,"showParticleSystems":true},"in2DMode":false,"pivot":{"x":-0.24453777074813844,"y":-0.07869119942188263,"z":0.15497298538684846},"rotation":{"x":0.2557912766933441,"y":0.27318742871284487,"z":-0.07560943067073822,"w":0.9242416620254517},"size":2.9650135040283205,"orthographic":true}