{"cameraMode":{"drawMode":0,"name":"Shaded","section":"Shading Mode"},"sceneLighting":false,"audioPlay":false,"sceneViewState":{"showFog":true,"showMaterialUpdate":false,"showSkybox":true,"showFlares":true,"showImageEffects":true,"showParticleSystems":true},"in2DMode":false,"pivot":{"x":0.028029784560203553,"y":0.4394654333591461,"z":0.013763397932052613},"rotation":{"x":-0.14357279241085053,"y":-0.38185206055641177,"z":0.060175687074661258,"w":-0.9110185503959656},"size":1.9713879823684693,"orthographic":false}