{"cameraMode":{"drawMode":0,"name":"Shaded","section":"Shading Mode"},"sceneLighting":true,"audioPlay":false,"sceneViewState":{"showFog":false,"showMaterialUpdate":false,"showSkybox":false,"showFlares":false,"showImageEffects":false,"showParticleSystems":false},"in2DMode":false,"pivot":{"x":2.1257119178771974,"y":1.6568453311920167,"z":1.1963468790054322},"rotation":{"x":-0.2536047101020813,"y":-0.6977625489234924,"z":0.29394102096557619,"w":-0.602005660533905},"size":2.341712713241577,"orthographic":false}